NAME_CONTRACT_TYPE,CODE_GENDER,FLAG_OWN_CAR,FLAG_OWN_REALTY,CNT_CHILDREN,AMT_INCOME_TOTAL,AMT_CREDIT,AMT_ANNUITY,AMT_GOODS_PRICE,REGION_POPULATION_RELATIVE,DAYS_BIRTH,DAYS_EMPLOYED,DAYS_REGISTRATION,DAYS_ID_PUBLISH,FLAG_MOBIL,FLAG_EMP_PHONE,FLAG_WORK_PHONE,FLAG_CONT_MOBILE,FLAG_PHONE,FLAG_EMAIL,CNT_FAM_MEMBERS,REGION_RATING_CLIENT,REGION_RATING_CLIENT_W_CITY,HOUR_APPR_PROCESS_START,REG_REGION_NOT_LIVE_REGION,REG_REGION_NOT_WORK_REGION,LIVE_REGION_NOT_WORK_REGION,REG_CITY_NOT_LIVE_CITY,REG_CITY_NOT_WORK_CITY,LIVE_CITY_NOT_WORK_CITY,EXT_SOURCE_2,EXT_SOURCE_3,YEARS_BEGINEXPLUATATION_AVG,FLOORSMAX_AVG,YEARS_BEGINEXPLUATATION_MODE,FLOORSMAX_MODE,YEARS_BEGINEXPLUATATION_MEDI,FLOORSMAX_MEDI,TOTALAREA_MODE,OBS_30_CNT_SOCIAL_CIRCLE,DEF_30_CNT_SOCIAL_CIRCLE,OBS_60_CNT_SOCIAL_CIRCLE,DEF_60_CNT_SOCIAL_CIRCLE,DAYS_LAST_PHONE_CHANGE,FLAG_DOCUMENT_2,FLAG_DOCUMENT_3,FLAG_DOCUMENT_4,FLAG_DOCUMENT_5,FLAG_DOCUMENT_6,FLAG_DOCUMENT_7,FLAG_DOCUMENT_8,FLAG_DOCUMENT_9,FLAG_DOCUMENT_10,FLAG_DOCUMENT_11,FLAG_DOCUMENT_12,FLAG_DOCUMENT_13,FLAG_DOCUMENT_14,FLAG_DOCUMENT_15,FLAG_DOCUMENT_16,FLAG_DOCUMENT_17,FLAG_DOCUMENT_18,FLAG_DOCUMENT_19,FLAG_DOCUMENT_20,FLAG_DOCUMENT_21,AMT_REQ_CREDIT_BUREAU_HOUR,AMT_REQ_CREDIT_BUREAU_DAY,AMT_REQ_CREDIT_BUREAU_WEEK,AMT_REQ_CREDIT_BUREAU_MON,AMT_REQ_CREDIT_BUREAU_QRT,AMT_REQ_CREDIT_BUREAU_YEAR,NAME_TYPE_SUITE_Children,NAME_TYPE_SUITE_Family,NAME_TYPE_SUITE_Group of people,NAME_TYPE_SUITE_Other_A,NAME_TYPE_SUITE_Other_B,"NAME_TYPE_SUITE_Spouse, partner",NAME_TYPE_SUITE_Unaccompanied,NAME_INCOME_TYPE_Businessman,NAME_INCOME_TYPE_Commercial associate,NAME_INCOME_TYPE_Maternity leave,NAME_INCOME_TYPE_Pensioner,NAME_INCOME_TYPE_State servant,NAME_INCOME_TYPE_Student,NAME_INCOME_TYPE_Unemployed,NAME_INCOME_TYPE_Working,NAME_EDUCATION_TYPE_Academic degree,NAME_EDUCATION_TYPE_Higher education,NAME_EDUCATION_TYPE_Incomplete higher,NAME_EDUCATION_TYPE_Lower secondary,NAME_EDUCATION_TYPE_Secondary / secondary special,NAME_FAMILY_STATUS_Civil marriage,NAME_FAMILY_STATUS_Married,NAME_FAMILY_STATUS_Separated,NAME_FAMILY_STATUS_Single / not married,NAME_FAMILY_STATUS_Unknown,NAME_FAMILY_STATUS_Widow,NAME_HOUSING_TYPE_Co-op apartment,NAME_HOUSING_TYPE_House / apartment,NAME_HOUSING_TYPE_Municipal apartment,NAME_HOUSING_TYPE_Office apartment,NAME_HOUSING_TYPE_Rented apartment,NAME_HOUSING_TYPE_With parents,OCCUPATION_TYPE_Accountants,OCCUPATION_TYPE_Cleaning staff,OCCUPATION_TYPE_Cooking staff,OCCUPATION_TYPE_Core staff,OCCUPATION_TYPE_Drivers,OCCUPATION_TYPE_HR staff,OCCUPATION_TYPE_High skill tech staff,OCCUPATION_TYPE_IT staff,OCCUPATION_TYPE_Laborers,OCCUPATION_TYPE_Low-skill Laborers,OCCUPATION_TYPE_Managers,OCCUPATION_TYPE_Medicine staff,OCCUPATION_TYPE_Private service staff,OCCUPATION_TYPE_Realty agents,OCCUPATION_TYPE_Sales staff,OCCUPATION_TYPE_Secretaries,OCCUPATION_TYPE_Security staff,OCCUPATION_TYPE_Waiters/barmen staff,WEEKDAY_APPR_PROCESS_START_FRIDAY,WEEKDAY_APPR_PROCESS_START_MONDAY,WEEKDAY_APPR_PROCESS_START_SATURDAY,WEEKDAY_APPR_PROCESS_START_SUNDAY,WEEKDAY_APPR_PROCESS_START_THURSDAY,WEEKDAY_APPR_PROCESS_START_TUESDAY,WEEKDAY_APPR_PROCESS_START_WEDNESDAY,ORGANIZATION_TYPE_Advertising,ORGANIZATION_TYPE_Agriculture,ORGANIZATION_TYPE_Bank,ORGANIZATION_TYPE_Business Entity Type 1,ORGANIZATION_TYPE_Business Entity Type 2,ORGANIZATION_TYPE_Business Entity Type 3,ORGANIZATION_TYPE_Cleaning,ORGANIZATION_TYPE_Construction,ORGANIZATION_TYPE_Culture,ORGANIZATION_TYPE_Electricity,ORGANIZATION_TYPE_Emergency,ORGANIZATION_TYPE_Government,ORGANIZATION_TYPE_Hotel,ORGANIZATION_TYPE_Housing,ORGANIZATION_TYPE_Industry: type 1,ORGANIZATION_TYPE_Industry: type 10,ORGANIZATION_TYPE_Industry: type 11,ORGANIZATION_TYPE_Industry: type 12,ORGANIZATION_TYPE_Industry: type 13,ORGANIZATION_TYPE_Industry: type 2,ORGANIZATION_TYPE_Industry: type 3,ORGANIZATION_TYPE_Industry: type 4,ORGANIZATION_TYPE_Industry: type 5,ORGANIZATION_TYPE_Industry: type 6,ORGANIZATION_TYPE_Industry: type 7,ORGANIZATION_TYPE_Industry: type 8,ORGANIZATION_TYPE_Industry: type 9,ORGANIZATION_TYPE_Insurance,ORGANIZATION_TYPE_Kindergarten,ORGANIZATION_TYPE_Legal Services,ORGANIZATION_TYPE_Medicine,ORGANIZATION_TYPE_Military,ORGANIZATION_TYPE_Mobile,ORGANIZATION_TYPE_Other,ORGANIZATION_TYPE_Police,ORGANIZATION_TYPE_Postal,ORGANIZATION_TYPE_Realtor,ORGANIZATION_TYPE_Religion,ORGANIZATION_TYPE_Restaurant,ORGANIZATION_TYPE_School,ORGANIZATION_TYPE_Security,ORGANIZATION_TYPE_Security Ministries,ORGANIZATION_TYPE_Self-employed,ORGANIZATION_TYPE_Services,ORGANIZATION_TYPE_Telecom,ORGANIZATION_TYPE_Trade: type 1,ORGANIZATION_TYPE_Trade: type 2,ORGANIZATION_TYPE_Trade: type 3,ORGANIZATION_TYPE_Trade: type 4,ORGANIZATION_TYPE_Trade: type 5,ORGANIZATION_TYPE_Trade: type 6,ORGANIZATION_TYPE_Trade: type 7,ORGANIZATION_TYPE_Transport: type 1,ORGANIZATION_TYPE_Transport: type 2,ORGANIZATION_TYPE_Transport: type 3,ORGANIZATION_TYPE_Transport: type 4,ORGANIZATION_TYPE_University,ORGANIZATION_TYPE_XNA,FONDKAPREMONT_MODE_not specified,FONDKAPREMONT_MODE_org spec account,FONDKAPREMONT_MODE_reg oper account,FONDKAPREMONT_MODE_reg oper spec account,HOUSETYPE_MODE_block of flats,HOUSETYPE_MODE_specific housing,HOUSETYPE_MODE_terraced house,WALLSMATERIAL_MODE_Block,WALLSMATERIAL_MODE_Mixed,WALLSMATERIAL_MODE_Monolithic,WALLSMATERIAL_MODE_Others,WALLSMATERIAL_MODE_Panel,"WALLSMATERIAL_MODE_Stone, brick",WALLSMATERIAL_MODE_Wooden,EMERGENCYSTATE_MODE_No,EMERGENCYSTATE_MODE_Yes,DAYS_EMPLOYED_PERC,INCOME_CREDIT_PERC,INCOME_PER_PERSON,ANNUITY_INCOME_PERC,PAYMENT_RATE,BURO_DAYS_CREDIT_MIN,BURO_DAYS_CREDIT_MAX,BURO_DAYS_CREDIT_MEAN,BURO_DAYS_CREDIT_VAR,BURO_DAYS_CREDIT_ENDDATE_MIN,BURO_DAYS_CREDIT_ENDDATE_MAX,BURO_DAYS_CREDIT_ENDDATE_MEAN,BURO_DAYS_CREDIT_UPDATE_MEAN,BURO_CREDIT_DAY_OVERDUE_MAX,BURO_CREDIT_DAY_OVERDUE_MEAN,BURO_AMT_CREDIT_MAX_OVERDUE_MEAN,BURO_AMT_CREDIT_SUM_MAX,BURO_AMT_CREDIT_SUM_MEAN,BURO_AMT_CREDIT_SUM_SUM,BURO_AMT_CREDIT_SUM_DEBT_MAX,BURO_AMT_CREDIT_SUM_DEBT_MEAN,BURO_AMT_CREDIT_SUM_DEBT_SUM,BURO_AMT_CREDIT_SUM_OVERDUE_MEAN,BURO_AMT_CREDIT_SUM_LIMIT_MEAN,BURO_AMT_CREDIT_SUM_LIMIT_SUM,BURO_CNT_CREDIT_PROLONG_SUM,BURO_MONTHS_BALANCE_SIZE_SUM,BURO_CREDIT_ACTIVE_Active_MEAN,BURO_CREDIT_ACTIVE_Bad debt_MEAN,BURO_CREDIT_ACTIVE_Closed_MEAN,BURO_CREDIT_ACTIVE_Sold_MEAN,BURO_CREDIT_ACTIVE_nan_MEAN,BURO_CREDIT_CURRENCY_currency 1_MEAN,BURO_CREDIT_CURRENCY_currency 2_MEAN,BURO_CREDIT_CURRENCY_currency 3_MEAN,BURO_CREDIT_CURRENCY_currency 4_MEAN,BURO_CREDIT_CURRENCY_nan_MEAN,BURO_CREDIT_TYPE_Another type of loan_MEAN,BURO_CREDIT_TYPE_Car loan_MEAN,BURO_CREDIT_TYPE_Cash loan (non-earmarked)_MEAN,BURO_CREDIT_TYPE_Consumer credit_MEAN,BURO_CREDIT_TYPE_Credit card_MEAN,BURO_CREDIT_TYPE_Interbank credit_MEAN,BURO_CREDIT_TYPE_Loan for business development_MEAN,BURO_CREDIT_TYPE_Loan for purchase of shares (margin lending)_MEAN,BURO_CREDIT_TYPE_Loan for the purchase of equipment_MEAN,BURO_CREDIT_TYPE_Loan for working capital replenishment_MEAN,BURO_CREDIT_TYPE_Microloan_MEAN,BURO_CREDIT_TYPE_Mobile operator loan_MEAN,BURO_CREDIT_TYPE_Mortgage_MEAN,BURO_CREDIT_TYPE_Real estate loan_MEAN,BURO_CREDIT_TYPE_Unknown type of loan_MEAN,BURO_CREDIT_TYPE_nan_MEAN,ACTIVE_DAYS_CREDIT_MIN,ACTIVE_DAYS_CREDIT_MAX,ACTIVE_DAYS_CREDIT_MEAN,ACTIVE_DAYS_CREDIT_ENDDATE_MIN,ACTIVE_DAYS_CREDIT_ENDDATE_MAX,ACTIVE_DAYS_CREDIT_ENDDATE_MEAN,ACTIVE_DAYS_CREDIT_UPDATE_MEAN,ACTIVE_CREDIT_DAY_OVERDUE_MAX,ACTIVE_CREDIT_DAY_OVERDUE_MEAN,ACTIVE_AMT_CREDIT_SUM_MAX,ACTIVE_AMT_CREDIT_SUM_MEAN,ACTIVE_AMT_CREDIT_SUM_SUM,ACTIVE_AMT_CREDIT_SUM_DEBT_MAX,ACTIVE_AMT_CREDIT_SUM_DEBT_MEAN,ACTIVE_AMT_CREDIT_SUM_DEBT_SUM,ACTIVE_AMT_CREDIT_SUM_OVERDUE_MEAN,ACTIVE_AMT_CREDIT_SUM_LIMIT_MEAN,ACTIVE_AMT_CREDIT_SUM_LIMIT_SUM,ACTIVE_CNT_CREDIT_PROLONG_SUM,ACTIVE_MONTHS_BALANCE_SIZE_SUM,CLOSED_DAYS_CREDIT_MIN,CLOSED_DAYS_CREDIT_MAX,CLOSED_DAYS_CREDIT_MEAN,CLOSED_DAYS_CREDIT_VAR,CLOSED_DAYS_CREDIT_ENDDATE_MIN,CLOSED_DAYS_CREDIT_ENDDATE_MAX,CLOSED_DAYS_CREDIT_ENDDATE_MEAN,CLOSED_DAYS_CREDIT_UPDATE_MEAN,CLOSED_CREDIT_DAY_OVERDUE_MAX,CLOSED_CREDIT_DAY_OVERDUE_MEAN,CLOSED_AMT_CREDIT_SUM_MAX,CLOSED_AMT_CREDIT_SUM_MEAN,CLOSED_AMT_CREDIT_SUM_SUM,CLOSED_AMT_CREDIT_SUM_DEBT_MAX,CLOSED_AMT_CREDIT_SUM_DEBT_MEAN,CLOSED_AMT_CREDIT_SUM_DEBT_SUM,CLOSED_AMT_CREDIT_SUM_OVERDUE_MEAN,CLOSED_AMT_CREDIT_SUM_LIMIT_MEAN,CLOSED_AMT_CREDIT_SUM_LIMIT_SUM,CLOSED_CNT_CREDIT_PROLONG_SUM,CLOSED_MONTHS_BALANCE_SIZE_SUM,POS_MONTHS_BALANCE_MAX,POS_MONTHS_BALANCE_MEAN,POS_MONTHS_BALANCE_SIZE,POS_SK_DPD_MAX,POS_SK_DPD_MEAN,POS_SK_DPD_DEF_MAX,POS_SK_DPD_DEF_MEAN,POS_NAME_CONTRACT_STATUS_Active_MEAN,POS_NAME_CONTRACT_STATUS_Amortized debt_MEAN,POS_NAME_CONTRACT_STATUS_Approved_MEAN,POS_NAME_CONTRACT_STATUS_Canceled_MEAN,POS_NAME_CONTRACT_STATUS_Completed_MEAN,POS_NAME_CONTRACT_STATUS_Demand_MEAN,POS_NAME_CONTRACT_STATUS_Returned to the store_MEAN,POS_NAME_CONTRACT_STATUS_Signed_MEAN,POS_NAME_CONTRACT_STATUS_XNA_MEAN,POS_NAME_CONTRACT_STATUS_nan_MEAN,POS_COUNT,INSTAL_NUM_INSTALMENT_VERSION_NUNIQUE,INSTAL_DPD_MAX,INSTAL_DPD_MEAN,INSTAL_DPD_SUM,INSTAL_DBD_MAX,INSTAL_DBD_MEAN,INSTAL_DBD_SUM,INSTAL_PAYMENT_PERC_MAX,INSTAL_PAYMENT_PERC_MEAN,INSTAL_PAYMENT_PERC_SUM,INSTAL_PAYMENT_PERC_VAR,INSTAL_PAYMENT_DIFF_MAX,INSTAL_PAYMENT_DIFF_MEAN,INSTAL_PAYMENT_DIFF_SUM,INSTAL_PAYMENT_DIFF_VAR,INSTAL_AMT_INSTALMENT_MAX,INSTAL_AMT_INSTALMENT_MEAN,INSTAL_AMT_INSTALMENT_SUM,INSTAL_AMT_PAYMENT_MIN,INSTAL_AMT_PAYMENT_MAX,INSTAL_AMT_PAYMENT_MEAN,INSTAL_AMT_PAYMENT_SUM,INSTAL_DAYS_ENTRY_PAYMENT_MAX,INSTAL_DAYS_ENTRY_PAYMENT_MEAN,INSTAL_DAYS_ENTRY_PAYMENT_SUM,INSTAL_COUNT
0,0,0,0,0,270000.0,1293502.5,35698.5,1129500.0,0.0035409999999999,-16765,-1188.0,-1186.0,-291,1,1,0,1,1,0,2.0,1,1,11,0,0,0,0,0,0,0.6222457752555098,,0.9851,0.2917,0.9851,0.2917,0.9851,0.2917,0.0714,1.0,0.0,1.0,0.0,-828.0,0,1,0,0,0,0,0,0,0,0,0,0,0,0,0,0,0,0,0,0,0.0,0.0,0.0,0.0,0.0,0.0,0,1,0,0,0,0,0,0,0,0,0,1,0,0,0,0,1,0,0,0,0,1,0,0,0,0,0,1,0,0,0,0,0,0,0,1,0,0,0,0,0,0,0,0,0,0,0,0,0,0,0,1,0,0,0,0,0,0,0,0,0,0,0,0,0,0,0,0,0,0,0,0,0,0,0,0,0,0,0,0,0,0,0,0,0,0,0,0,0,0,0,0,0,0,0,0,1,0,0,0,0,0,0,0,0,0,0,0,0,0,0,0,0,0,0,0,0,1,0,1,0,0,1,0,0,0,0,0,0,1,0,0.0708619147032508,0.2087355841987162,135000.0,0.1322166666666666,0.0275983231574736,-2586.0,-606.0,-1400.75,827783.5833333334,-2434.0,1216.0,-544.5,-816.0,0.0,0.0,0.0,810000.0,254350.125,1017400.5,0.0,0.0,0.0,0.0,202500.0,810000.0,0.0,0.0,0.25,0.0,0.75,0.0,0.0,1.0,0.0,0.0,0.0,0.0,0.0,0.0,0.0,0.5,0.5,0.0,0.0,0.0,0.0,0.0,0.0,0.0,0.0,0.0,0.0,0.0,-606.0,-606.0,-606.0,1216.0,1216.0,1216.0,-43.0,0.0,0.0,810000.0,810000.0,810000.0,0.0,0.0,0.0,0.0,810000.0,810000.0,0.0,0.0,-2586.0,-775.0,-1665.6666666666667,820590.3333333334,-2434.0,-420.0,-1131.3333333333333,-1073.6666666666667,0.0,0.0,112500.0,69133.5,207400.5,0.0,0.0,0.0,0.0,0.0,0.0,0.0,0.0,-18.0,-43.785714285714285,28.0,0.0,0.0,0.0,0.0,0.9285714285714286,0.0,0.0,0.0,0.0714285714285714,0.0,0.0,0.0,0.0,0.0,28.0,2.0,0.0,0.0,0.0,14.0,7.16,179.0,1.0,1.0,25.0,0.0,0.0,0.0,0.0,0.0,560835.36,64754.58600000002,1618864.6500000004,6662.97,560835.36,64754.58600000002,1618864.6500000004,-544.0,-1385.32,-34633.0,25.0
1,0,0,1,0,112500.0,157500.0,7875.0,157500.0,0.04622,-17718,-7804.0,-8751.0,-1259,1,1,0,1,1,0,1.0,1,1,13,0,0,0,0,0,0,0.7064284028871654,0.5567274263630174,0.9881,0.0833,0.9881,0.0833,0.9881,0.0833,0.0238,8.0,0.0,8.0,0.0,-239.0,0,1,0,0,0,0,0,0,0,0,0,0,0,0,0,0,0,0,0,0,0.0,0.0,0.0,0.0,0.0,0.0,0,0,0,1,0,0,0,0,0,0,0,0,0,0,1,0,0,0,0,1,0,0,0,0,0,1,0,1,0,0,0,0,0,0,0,0,0,0,0,0,1,0,0,0,0,0,0,0,0,0,1,0,0,0,0,0,0,0,0,0,0,0,0,0,0,0,0,0,0,0,1,0,0,0,0,0,0,0,0,0,0,0,0,0,0,0,0,0,0,0,0,0,0,0,0,0,0,0,0,0,0,0,0,0,0,0,0,0,0,0,0,0,0,0,0,0,0,1,0,1,0,0,0,0,0,0,0,1,0,1,0,0.440456033412349,0.7142857142857143,112500.0,0.07,0.05,-385.0,-289.0,-337.0,4608.0,441.0,1439.0,940.0,-28.0,0.0,0.0,0.0,765000.0,528750.0,1057500.0,205276.5,205276.5,205276.5,0.0,0.0,0.0,0.0,0.0,1.0,0.0,0.0,0.0,0.0,1.0,0.0,0.0,0.0,0.0,0.0,0.0,0.0,1.0,0.0,0.0,0.0,0.0,0.0,0.0,0.0,0.0,0.0,0.0,0.0,0.0,-385.0,-289.0,-337.0,441.0,1439.0,940.0,-28.0,0.0,0.0,765000.0,528750.0,1057500.0,205276.5,205276.5,205276.5,0.0,0.0,0.0,0.0,0.0,,,,,,,,,,,,,,,,,,,,,,-2.0,-5.0,7.0,0.0,0.0,0.0,0.0,1.0,0.0,0.0,0.0,0.0,0.0,0.0,0.0,0.0,0.0,7.0,1.0,0.0,0.0,0.0,27.0,23.428571428571427,164.0,1.0,1.0,7.0,0.0,0.0,0.0,0.0,0.0,6765.975,6765.974999999999,47361.825,6765.975,6765.975,6765.974999999999,47361.825,-51.0,-142.42857142857142,-997.0,7.0
0,1,1,0,2,135000.0,247500.0,12703.5,247500.0,0.026392,-11286,-746.0,-108.0,-3729,1,1,0,1,0,0,4.0,2,2,14,0,0,0,0,1,1,0.7861793090532118,0.5656079814115492,0.9861,0.1667,0.9861,0.1667,0.9861,0.1667,0.0967,1.0,1.0,1.0,0.0,-4.0,0,1,0,0,0,0,0,0,0,0,0,0,0,0,0,0,0,0,0,0,0.0,0.0,0.0,0.0,0.0,0.0,0,0,0,0,0,0,1,0,0,0,0,0,0,0,1,0,0,0,0,1,0,1,0,0,0,0,0,1,0,0,0,0,0,0,0,0,1,0,0,0,0,0,0,0,0,0,0,0,0,0,0,0,0,0,1,0,0,0,0,0,0,0,1,0,0,0,0,0,0,0,0,0,0,0,0,0,0,0,0,0,0,0,0,0,0,0,0,0,0,0,0,0,0,0,0,0,0,0,0,0,0,0,0,0,0,0,0,0,0,0,0,0,0,0,0,0,0,1,0,1,0,0,0,0,0,0,1,0,0,1,0,0.0660995924153819,0.5454545454545454,33750.0,0.0941,0.0513272727272727,-2806.0,-110.0,-1416.75,1213671.5833333333,-1286.0,1563.0,-336.3333333333333,-1041.75,0.0,0.0,,3735000.0,1857008.25,7428033.0,3682287.0,1227429.0,3682287.0,0.0,0.0,0.0,0.0,0.0,0.25,0.0,0.75,0.0,0.0,1.0,0.0,0.0,0.0,0.0,0.0,0.0,0.0,0.5,0.0,0.0,0.0,0.0,0.0,0.0,0.0,0.0,0.5,0.0,0.0,0.0,-110.0,-110.0,-110.0,,,,-17.0,0.0,0.0,3735000.0,3735000.0,3735000.0,3682287.0,3682287.0,3682287.0,0.0,,0.0,0.0,0.0,-2806.0,-1375.0,-1852.3333333333333,682110.3333333333,-1286.0,1563.0,-336.3333333333333,-1383.3333333333333,0.0,0.0,3645000.0,1231011.0,3693033.0,0.0,0.0,0.0,0.0,0.0,0.0,0.0,0.0,-6.0,-8.5,6.0,0.0,0.0,0.0,0.0,0.8333333333333334,0.0,0.0,0.0,0.1666666666666666,0.0,0.0,0.0,0.0,0.0,6.0,2.0,0.0,0.0,0.0,23.0,19.75,79.0,1.0,1.0,4.0,0.0,0.0,0.0,0.0,0.0,66993.345,33917.09625,135668.385,22891.68,66993.345,33917.09625,135668.385,-224.0,-267.75,-1071.0,4.0
0,0,0,0,0,90000.0,199008.0,20893.5,180000.0,0.010032,-12974,-4404.0,-7123.0,-4464,1,1,1,1,0,0,2.0,2,2,11,0,0,0,0,0,0,0.5594667916353414,0.7981372313187245,0.9801,0.1667,0.9801,0.1667,0.9801,0.1667,0.0684,0.0,0.0,0.0,0.0,-2766.0,0,1,0,0,0,0,0,0,0,0,0,0,0,0,0,0,0,0,0,0,0.0,0.0,0.0,0.0,0.0,2.0,0,0,0,0,0,0,1,0,0,0,0,0,0,0,1,0,0,0,0,1,1,0,0,0,0,0,0,1,0,0,0,0,0,0,0,0,0,0,0,0,1,0,0,0,0,0,0,0,0,0,0,0,1,0,0,0,0,0,0,0,0,1,0,0,0,0,0,0,0,0,0,0,0,0,0,0,0,0,0,0,0,0,0,0,0,0,0,0,0,0,0,0,0,0,0,0,0,0,0,0,0,0,0,0,0,0,0,0,0,0,0,0,0,0,0,0,0,0,0,1,0,0,0,0,0,0,1,0,0,1,0,0.3394481270232773,0.4522431259044862,45000.0,0.23215,0.1049882416787264,-2761.0,-1247.0,-1812.875,270968.41071428574,-2608.0,-1063.0,-1696.428571428571,-1544.625,0.0,0.0,0.0,108000.0,74016.5625,592132.5,0.0,0.0,0.0,0.0,0.0,0.0,0.0,421.0,0.125,0.0,0.875,0.0,0.0,1.0,0.0,0.0,0.0,0.0,0.0,0.0,0.0,0.875,0.125,0.0,0.0,0.0,0.0,0.0,0.0,0.0,0.0,0.0,0.0,0.0,-1467.0,-1467.0,-1467.0,,,,-994.0,0.0,0.0,108000.0,108000.0,108000.0,0.0,0.0,0.0,0.0,,0.0,0.0,49.0,-2761.0,-1247.0,-1862.2857142857144,293343.2380952381,-2608.0,-1063.0,-1696.428571428571,-1623.2857142857142,0.0,0.0,90000.0,69161.78571428571,484132.5,0.0,0.0,0.0,0.0,0.0,0.0,0.0,372.0,-7.0,-43.5,26.0,0.0,0.0,0.0,0.0,0.8846153846153846,0.0,0.0,0.0,0.1153846153846153,0.0,0.0,0.0,0.0,0.0,26.0,2.0,0.0,0.0,0.0,63.0,18.318181818181817,403.0,1.0,1.0,22.0,0.0,0.0,0.0,0.0,0.0,35172.135,19217.56909090909,422786.52,5305.995,35172.135,19217.56909090909,422786.52,-235.0,-1247.409090909091,-27443.0,22.0
1,1,1,1,0,180000.0,540000.0,27000.0,540000.0,0.025164,-16126,-1761.0,-8236.0,-4292,1,1,0,1,0,0,2.0,2,2,8,0,0,0,0,0,0,0.7380532835697358,0.6058362647264226,0.9831,0.1667,0.9831,0.1667,0.9831,0.1667,0.0734,1.0,0.0,1.0,0.0,-540.0,0,0,0,0,0,0,0,0,0,0,0,0,0,0,0,0,0,0,0,0,0.0,0.0,0.0,1.0,0.0,1.0,0,0,0,0,0,0,1,0,0,0,0,0,0,0,1,0,1,0,0,0,0,1,0,0,0,0,0,1,0,0,0,0,0,0,0,0,0,0,0,0,0,0,1,0,0,0,0,0,0,0,0,0,0,0,0,1,0,0,0,0,0,0,1,0,0,0,0,0,0,0,0,0,0,0,0,0,0,0,0,0,0,0,0,0,0,0,0,0,0,0,0,0,0,0,0,0,0,0,0,0,0,0,0,0,0,0,0,0,0,0,0,0,0,0,0,0,1,0,0,1,0,0,0,0,0,0,0,1,0,1,0,0.1092025300756542,0.3333333333333333,90000.0,0.15,0.05,-2653.0,-427.0,-1493.25,908801.5833333334,-826.0,915.0,-247.75,-647.75,0.0,0.0,,7957530.0,3159315.0,12637260.0,0.0,0.0,0.0,0.0,0.0,0.0,0.0,0.0,0.25,0.0,0.75,0.0,0.0,1.0,0.0,0.0,0.0,0.0,0.0,0.5,0.0,0.25,0.25,0.0,0.0,0.0,0.0,0.0,0.0,0.0,0.0,0.0,0.0,0.0,-427.0,-427.0,-427.0,915.0,915.0,915.0,-9.0,0.0,0.0,382500.0,382500.0,382500.0,0.0,0.0,0.0,0.0,0.0,0.0,0.0,0.0,-2653.0,-1100.0,-1848.6666666666667,605276.3333333334,-826.0,-369.0,-635.3333333333334,-860.6666666666666,0.0,0.0,7957530.0,4084920.0,12254760.0,0.0,0.0,0.0,0.0,0.0,0.0,0.0,0.0,-1.0,-9.0,17.0,0.0,0.0,0.0,0.0,1.0,0.0,0.0,0.0,0.0,0.0,0.0,0.0,0.0,0.0,17.0,1.0,0.0,0.0,0.0,3.0,0.5294117647058824,9.0,1.0,1.0,17.0,0.0,0.0,0.0,0.0,0.0,28390.635,28390.63500000001,482640.7950000001,28390.635,28390.635,28390.63500000001,482640.7950000001,-29.0,-269.52941176470586,-4582.0,17.0
0,0,1,1,0,202500.0,343377.0,22072.5,283500.0,0.072508,-18138,-969.0,-7421.0,-1681,1,1,0,1,0,0,1.0,1,1,13,0,0,0,0,0,0,0.7162122102538987,,,,,,,,,0.0,0.0,0.0,0.0,-1585.0,0,0,0,0,0,0,1,0,0,0,0,0,0,0,0,0,0,0,0,0,,,,,,,0,0,0,0,0,0,1,0,0,0,0,1,0,0,0,0,1,0,0,0,0,0,0,1,0,0,0,1,0,0,0,0,0,0,0,0,0,0,1,0,0,0,0,0,0,0,0,0,0,0,0,0,0,0,0,0,1,0,0,0,1,0,0,0,0,0,0,0,0,0,0,0,0,0,0,0,0,0,0,0,0,0,0,0,0,0,0,0,0,0,0,0,0,0,0,0,0,0,0,0,0,0,0,0,0,0,0,0,0,0,0,0,0,0,0,0,0,0,0,0,0,0,0,0,0,0,0,0,0,0,0,0.0534237512404895,0.5897308206431997,202500.0,0.109,0.0642806594501087,,,,,,,,,,,,,,,,,,,,,,,,,,,,,,,,,,,,,,,,,,,,,,,,,,,,,,,,,,,,,,,,,,,,,,,,,,,,,,,,,,,,,,,,,,-11.0,-28.904761904761905,21.0,0.0,0.0,0.0,0.0,0.7619047619047619,0.0,0.0,0.0,0.1428571428571428,0.0,0.0476190476190476,0.0476190476190476,0.0,0.0,21.0,10.0,25.0,0.7101449275362319,49.0,41.0,9.115942028985508,629.0,4.0731372525059975,1.1621405848980757,80.18770035796723,0.3272504800172275,0.0,-2648.779565217391,-182765.79,63984089.7652057,86953.275,21968.894347826088,1515853.71,611.325,86953.275,24617.67391304348,1698619.5,-7.0,-498.92753623188406,-34426.0,69.0
0,0,0,1,0,202500.0,1136439.0,73611.0,1089000.0,0.032561,-23656,-968.0,-14666.0,-4456,1,1,0,1,1,0,1.0,1,1,14,0,0,0,0,0,0,0.7112888072636568,0.5971924268337128,0.9801,0.3333,0.9801,0.3333,0.9801,0.3333,0.267,0.0,0.0,0.0,0.0,-905.0,0,1,0,0,0,0,0,0,0,0,0,0,0,0,0,0,0,0,0,0,0.0,0.0,0.0,0.0,0.0,1.0,0,0,0,0,0,0,1,0,1,0,0,0,0,0,0,0,0,0,0,1,0,0,0,0,0,1,0,1,0,0,0,0,0,1,0,0,0,0,0,0,0,0,0,0,0,0,0,0,0,0,0,0,0,0,0,1,0,0,0,0,0,1,0,0,0,0,0,0,0,0,0,0,0,0,0,0,0,0,0,0,0,0,0,0,0,0,0,0,0,0,0,0,0,0,0,0,0,0,0,0,0,0,0,0,0,0,0,0,0,0,0,0,0,0,0,0,0,0,0,1,0,0,0,0,0,0,1,0,0,1,0,0.040919851200541,0.1781881825597326,202500.0,0.3635111111111111,0.0647733842291579,-356.0,-356.0,-356.0,,9.0,9.0,9.0,-44.0,0.0,0.0,,675000.0,675000.0,675000.0,95697.0,95697.0,95697.0,0.0,0.0,0.0,0.0,12.0,1.0,0.0,0.0,0.0,0.0,1.0,0.0,0.0,0.0,0.0,0.0,0.0,0.0,1.0,0.0,0.0,0.0,0.0,0.0,0.0,0.0,0.0,0.0,0.0,0.0,0.0,-356.0,-356.0,-356.0,9.0,9.0,9.0,-44.0,0.0,0.0,675000.0,675000.0,675000.0,95697.0,95697.0,95697.0,0.0,0.0,0.0,0.0,12.0,,,,,,,,,,,,,,,,,,,,,,-11.0,-18.653846153846157,26.0,0.0,0.0,0.0,0.0,0.9230769230769232,0.0,0.0,0.0,0.0769230769230769,0.0,0.0,0.0,0.0,0.0,26.0,1.0,0.0,0.0,0.0,39.0,14.791666666666666,355.0,1.0,1.0,24.0,0.0,0.0,0.0,0.0,0.0,44610.48,26079.32812500001,625903.8750000002,19809.0,44610.48,26079.32812500001,625903.8750000002,-375.0,-591.5416666666666,-14197.0,24.0
0,1,1,0,1,157500.0,1571931.0,49356.0,1435500.0,0.04622,-15949,-239.0,-1146.0,-4321,1,1,0,1,1,1,3.0,1,1,13,0,0,0,0,0,0,0.6820166294931829,,0.998,0.6667,0.998,0.6667,0.998,0.6667,0.701,0.0,0.0,0.0,0.0,-2397.0,0,1,0,0,0,0,0,0,0,0,0,0,0,0,0,0,0,0,0,0,0.0,0.0,0.0,0.0,0.0,1.0,0,0,0,0,0,0,1,0,0,0,0,1,0,0,0,0,0,0,0,1,0,1,0,0,0,0,0,1,0,0,0,0,0,0,0,0,0,0,0,0,1,0,0,0,0,0,0,0,0,0,0,0,0,1,0,0,0,0,0,0,0,0,1,0,0,0,0,0,0,0,0,0,0,0,0,0,0,0,0,0,0,0,0,0,0,0,0,0,0,0,0,0,0,0,0,0,0,0,0,0,0,0,0,0,0,0,0,0,0,0,0,0,0,0,0,0,0,0,1,1,0,0,0,0,1,0,0,0,0,1,0,0.0149852655338892,0.1001952375772219,52500.0,0.3133714285714286,0.0313983247356277,-8.0,-8.0,-8.0,,1818.0,1818.0,1818.0,-8.0,0.0,0.0,,2313877.5,2313877.5,2313877.5,2313877.5,2313877.5,2313877.5,0.0,,0.0,0.0,0.0,1.0,0.0,0.0,0.0,0.0,1.0,0.0,0.0,0.0,0.0,0.0,1.0,0.0,0.0,0.0,0.0,0.0,0.0,0.0,0.0,0.0,0.0,0.0,0.0,0.0,0.0,-8.0,-8.0,-8.0,1818.0,1818.0,1818.0,-8.0,0.0,0.0,2313877.5,2313877.5,2313877.5,2313877.5,2313877.5,2313877.5,0.0,,0.0,0.0,0.0,,,,,,,,,,,,,,,,,,,,,,-2.0,-31.94117647058824,34.0,0.0,0.0,0.0,0.0,0.9117647058823528,0.0,0.0,0.0,0.088235294117647,0.0,0.0,0.0,0.0,0.0,34.0,2.0,5.0,0.303030303030303,10.0,40.0,8.454545454545455,279.0,1.0,0.9393939393939394,31.0,0.0585651309764183,65360.385,3965.9045454545458,130874.85,250779205.07871777,128884.455,53433.60136363639,1763308.845000001,77.04,128884.455,49467.69681818184,1632433.9950000006,-91.0,-860.060606060606,-28382.0,33.0
1,1,0,1,0,162000.0,270000.0,13500.0,270000.0,0.035792,-22881,-3420.0,-1481.0,-4802,1,1,0,1,0,0,2.0,2,2,10,0,0,0,0,0,0,0.6781247611812603,0.6832688314232291,0.994,0.4583,0.994,0.4583,0.994,0.4583,0.161,0.0,0.0,0.0,0.0,-1499.0,0,0,0,0,0,0,0,0,0,0,0,0,0,0,0,0,0,0,0,0,0.0,0.0,0.0,0.0,0.0,4.0,0,0,0,0,0,0,1,0,0,0,0,1,0,0,0,0,1,0,0,0,0,1,0,0,0,0,0,1,0,0,0,0,0,0,0,1,0,0,0,0,0,0,0,0,0,0,0,0,0,0,0,0,0,0,0,1,0,0,0,0,0,0,0,0,0,0,0,0,1,0,0,0,0,0,0,0,0,0,0,0,0,0,0,0,0,0,0,0,0,0,0,0,0,0,0,0,0,0,0,0,0,0,0,0,0,0,0,0,0,0,0,0,0,0,0,0,0,0,0,1,0,0,1,0,0,0,0,0,0,1,0,0.1494689917398715,0.6,81000.0,0.0833333333333333,0.05,-2630.0,-288.0,-1338.5,515495.9090909091,-2264.0,750.0,-741.5833333333334,-486.0,0.0,0.0,1047.6,238500.0,135465.22125,1625582.655,92979.0,13475.625,161707.5,0.0,0.0,0.0,0.0,0.0,0.25,0.0,0.75,0.0,0.0,1.0,0.0,0.0,0.0,0.0,0.0,0.0,0.0,0.75,0.25,0.0,0.0,0.0,0.0,0.0,0.0,0.0,0.0,0.0,0.0,0.0,-797.0,-288.0,-564.6666666666666,-67.0,750.0,253.33333333333331,-87.0,0.0,0.0,225000.0,180000.0,540000.0,92979.0,53902.5,161707.5,0.0,0.0,0.0,0.0,0.0,-2630.0,-932.0,-1596.4444444444443,392836.77777777787,-2264.0,-453.0,-1073.2222222222222,-619.0,0.0,0.0,238500.0,120620.29499999998,1085582.6549999998,0.0,0.0,0.0,0.0,0.0,0.0,0.0,0.0,-2.0,-26.681818181818183,22.0,0.0,0.0,0.0,0.0,0.9545454545454546,0.0,0.0,0.0,0.0454545454545454,0.0,0.0,0.0,0.0,0.0,22.0,9.0,20.0,0.4014084507042254,57.0,45.0,12.394366197183098,1760.0,3.921761642729877,1.0500159764084076,149.10226864999387,0.2272943946741386,5873.94,-1907.7331690140843,-270898.11,97114512.4612558,66843.72,9484.15721830986,1346750.3250000002,76.545,90000.0,11391.89038732394,1617648.4349999996,-32.0,-1638.1971830985915,-232624.0,142.0
0,0,0,1,0,225000.0,1515415.5,41800.5,1354500.0,0.0038179999999999,-14645,-4027.0,-7154.0,-1969,1,1,1,1,1,0,2.0,2,2,3,0,0,0,0,0,0,0.5712502464772474,0.7898803468924867,,,,,,,,2.0,0.0,2.0,0.0,-700.0,0,1,0,0,0,0,0,0,0,0,0,0,0,0,0,0,0,0,0,0,0.0,0.0,0.0,0.0,2.0,0.0,0,0,0,0,0,0,1,0,1,0,0,0,0,0,0,0,0,0,0,1,0,1,0,0,0,0,0,1,0,0,0,0,0,0,0,0,0,0,0,0,0,0,0,0,0,0,1,0,0,0,1,0,0,0,0,0,0,0,0,0,0,0,0,0,0,0,0,0,0,0,0,0,0,0,0,0,0,0,0,0,0,0,0,0,0,0,0,0,0,0,0,0,0,0,0,0,0,0,0,0,0,0,0,0,0,0,0,0,1,0,0,0,0,0,0,0,0,0,0,0,0,0,0,0,0,0,0,0,0,0,0,0.2749743939911232,0.1484741313520945,112500.0,0.18578,0.0275835241225921,-2825.0,-542.0,-1683.5,2606044.5,-999.0,1284.0,142.5,-636.5,0.0,0.0,,1125000.0,900000.0,1800000.0,830160.0,415080.0,830160.0,0.0,0.0,0.0,0.0,0.0,0.5,0.0,0.5,0.0,0.0,1.0,0.0,0.0,0.0,0.0,0.0,0.0,0.0,1.0,0.0,0.0,0.0,0.0,0.0,0.0,0.0,0.0,0.0,0.0,0.0,0.0,-542.0,-542.0,-542.0,1284.0,1284.0,1284.0,-29.0,0.0,0.0,1125000.0,1125000.0,1125000.0,830160.0,830160.0,830160.0,0.0,0.0,0.0,0.0,0.0,-2825.0,-2825.0,-2825.0,,-999.0,-999.0,-999.0,-1244.0,0.0,0.0,675000.0,675000.0,675000.0,0.0,0.0,0.0,0.0,0.0,0.0,0.0,0.0,-4.0,-13.235294117647058,17.0,0.0,0.0,0.0,0.0,0.8823529411764706,0.0,0.0,0.0,0.1176470588235294,0.0,0.0,0.0,0.0,0.0,17.0,2.0,0.0,0.0,0.0,23.0,13.533333333333331,203.0,1.0,1.0,15.0,0.0,0.0,0.0,0.0,0.0,102114.315,23559.801,353397.015,7002.72,102114.315,23559.801,353397.015,-126.0,-396.3333333333333,-5945.0,15.0
0,1,0,0,0,112500.0,417024.0,25330.5,360000.0,0.025164,-13707,,-7809.0,-4436,1,0,0,1,0,0,1.0,2,2,10,0,0,0,0,0,0,0.2939875845022613,0.1153866620073356,,,,,,,,0.0,0.0,0.0,0.0,0.0,0,0,0,0,1,0,0,0,0,0,0,0,0,0,0,0,0,0,0,0,0.0,0.0,0.0,0.0,0.0,1.0,0,1,0,0,0,0,0,0,0,0,1,0,0,0,0,0,0,0,0,1,0,0,0,1,0,0,0,1,0,0,0,0,0,0,0,0,0,0,0,0,0,0,0,0,0,0,0,0,0,0,0,0,1,0,0,0,0,0,0,0,0,0,0,0,0,0,0,0,0,0,0,0,0,0,0,0,0,0,0,0,0,0,0,0,0,0,0,0,0,0,0,0,0,0,0,0,0,0,0,0,0,0,0,0,0,0,0,0,0,0,0,0,0,0,1,0,0,0,0,0,0,0,0,0,0,0,0,0,0,0,0,,0.2697686464088398,112500.0,0.22516,0.0607411084254143,-184.0,-82.0,-133.0,5202.0,-52.0,1642.0,795.0,-27.5,0.0,0.0,,450000.0,292500.0,585000.0,428926.5,278583.75,557167.5,0.0,0.0,0.0,0.0,10.0,1.0,0.0,0.0,0.0,0.0,1.0,0.0,0.0,0.0,0.0,0.0,0.0,0.0,0.5,0.5,0.0,0.0,0.0,0.0,0.0,0.0,0.0,0.0,0.0,0.0,0.0,-184.0,-82.0,-133.0,-52.0,1642.0,795.0,-27.5,0.0,0.0,450000.0,292500.0,585000.0,428926.5,278583.75,557167.5,0.0,0.0,0.0,0.0,10.0,,,,,,,,,,,,,,,,,,,,,,-55.0,-61.0,13.0,0.0,0.0,0.0,0.0,0.9230769230769232,0.0,0.0,0.0,0.0769230769230769,0.0,0.0,0.0,0.0,0.0,13.0,2.0,1.0,0.0833333333333333,1.0,17.0,6.916666666666667,83.0,1.0,1.0,12.0,0.0,0.0,0.0,0.0,0.0,7048.44,2023.2825000000005,24279.390000000003,1566.45,7048.44,2023.2825000000005,24279.390000000003,-1688.0,-1859.8333333333333,-22318.0,12.0
0,1,0,1,0,157500.0,824242.5,42273.0,666000.0,0.018801,-19452,-2273.0,-11406.0,-2996,1,1,0,1,0,0,2.0,2,2,14,0,0,0,0,0,0,0.3617482564267205,0.3296550543128238,,,,,,,,1.0,0.0,1.0,0.0,-1682.0,0,1,0,0,0,0,0,0,0,0,0,0,0,0,0,0,0,0,0,0,0.0,0.0,0.0,0.0,0.0,8.0,0,1,0,0,0,0,0,0,0,0,0,0,0,0,1,0,0,0,0,1,0,1,0,0,0,0,0,1,0,0,0,0,0,0,0,0,0,0,0,0,0,1,0,0,0,0,0,0,0,0,0,1,0,0,0,0,0,0,0,0,0,0,1,0,0,0,0,0,0,0,0,0,0,0,0,0,0,0,0,0,0,0,0,0,0,0,0,0,0,0,0,0,0,0,0,0,0,0,0,0,0,0,0,0,0,0,0,0,0,0,0,0,0,0,0,0,0,0,0,0,0,0,0,0,0,0,0,0,0,0,0,0.1168517376105284,0.191084541260612,78750.0,0.2684,0.0512870908743482,-1700.0,-232.0,-1000.8333333333334,260364.16666666663,-1396.0,31025.0,4913.333333333333,-616.0,0.0,0.0,0.0,1039500.0,328774.5,1972647.0,974088.0,243522.0,974088.0,0.0,0.0,0.0,0.0,0.0,0.1666666666666666,0.0,0.8333333333333334,0.0,0.0,1.0,0.0,0.0,0.0,0.0,0.0,0.0,0.0,0.8333333333333334,0.1666666666666666,0.0,0.0,0.0,0.0,0.0,0.0,0.0,0.0,0.0,0.0,0.0,-232.0,-232.0,-232.0,1596.0,1596.0,1596.0,-13.0,0.0,0.0,1039500.0,1039500.0,1039500.0,974088.0,974088.0,974088.0,0.0,0.0,0.0,0.0,0.0,-1700.0,-800.0,-1154.6,148123.8,-1396.0,31025.0,5576.8,-736.6,0.0,0.0,675000.0,186629.4,933147.0,0.0,0.0,0.0,0.0,0.0,0.0,0.0,0.0,-1.0,-36.94623655913978,93.0,4.0,0.1075268817204301,4.0,0.1075268817204301,0.935483870967742,0.0,0.0,0.0,0.064516129032258,0.0,0.0,0.0,0.0,0.0,93.0,3.0,30.0,0.7052631578947368,67.0,38.0,10.147368421052631,964.0,1.0,0.9473684210526316,90.00000000000001,0.0486993078150578,32721.075,1388.8871052631575,131944.27499999997,35633994.356651366,943617.555,52283.53989473688,4966936.290000003,156.24,943617.555,50894.65278947371,4834992.015000002,-16.0,-1153.1263157894737,-109547.0,95.0
0,0,0,0,2,157500.0,450000.0,30573.0,450000.0,0.026392,-10008,-207.0,-913.0,-2436,1,1,0,1,0,0,4.0,2,2,12,0,0,0,0,1,1,0.6797406912595289,0.3556387169923543,,,,,,,,5.0,2.0,5.0,2.0,0.0,0,1,0,0,0,0,0,0,0,0,0,0,0,0,0,0,0,0,0,0,0.0,0.0,0.0,1.0,0.0,2.0,0,0,0,0,0,0,1,0,0,0,0,0,0,0,1,0,0,0,0,1,0,1,0,0,0,0,0,1,0,0,0,0,0,0,0,0,0,0,0,0,0,0,0,1,0,0,0,0,0,0,0,1,0,0,0,0,0,0,0,0,0,0,0,0,0,0,0,0,0,0,0,0,0,0,0,0,0,0,0,0,0,0,0,0,0,0,0,0,0,0,1,0,0,0,0,0,0,0,0,0,0,0,0,0,0,0,0,0,0,0,0,0,0,0,0,0,0,0,0,0,0,0,0,0,0,0,0,0,0,0,0,0.02068345323741,0.35,39375.0,0.1941142857142857,0.06794,-1348.0,-1348.0,-1348.0,,-1225.0,-1225.0,-1225.0,-99.0,0.0,0.0,67500.0,67500.0,67500.0,67500.0,0.0,0.0,0.0,0.0,0.0,0.0,0.0,0.0,0.0,0.0,0.0,1.0,0.0,1.0,0.0,0.0,0.0,0.0,0.0,0.0,0.0,1.0,0.0,0.0,0.0,0.0,0.0,0.0,0.0,0.0,0.0,0.0,0.0,0.0,,,,,,,,,,,,,,,,,,,,,,,,,,,,,,,,,,,,,,,,,,-2.0,-6.5,10.0,0.0,0.0,0.0,0.0,0.9,0.0,0.0,0.0,0.1,0.0,0.0,0.0,0.0,0.0,10.0,2.0,7.0,1.0,12.0,60.0,21.08333333333333,253.0,1.0,0.7499999999999999,8.999999999999998,0.1627732601510018,12077.505,3067.0537500000005,36804.645,24498856.773209665,47791.935,15228.524999999996,182742.3,190.71,47791.935,12161.47125,145937.655,-104.0,-212.58333333333331,-2551.0,12.0
0,0,0,1,0,180000.0,532345.5,42187.5,481500.0,0.025164,-10884,-887.0,-5151.0,-1784,1,1,0,1,0,1,2.0,2,2,8,0,0,0,0,0,0,0.1238859187969087,0.158554899794863,0.9732,0.125,0.9732,0.125,0.9732,0.125,0.0219,4.0,0.0,4.0,0.0,0.0,0,1,0,0,0,0,0,0,0,0,0,0,0,0,0,0,0,0,0,0,0.0,0.0,0.0,1.0,0.0,0.0,0,0,0,0,0,0,1,0,1,0,0,0,0,0,0,0,0,0,0,1,0,1,0,0,0,0,0,1,0,0,0,0,0,0,0,0,0,0,0,0,0,0,0,0,0,0,0,0,0,0,0,0,0,0,0,1,0,0,0,0,0,0,0,0,0,0,0,0,0,0,0,0,0,1,0,0,0,0,0,0,0,0,0,0,0,0,0,0,0,0,0,0,0,0,0,0,0,0,0,0,0,0,0,0,0,0,0,0,0,0,0,0,0,0,0,1,0,0,0,1,0,0,0,0,0,0,0,1,0,1,0,0.0814957736126424,0.3381262732567477,90000.0,0.234375,0.0792483452945502,-256.0,-256.0,-256.0,,111.0,111.0,111.0,-12.0,0.0,0.0,0.0,249750.0,249750.0,249750.0,88384.5,88384.5,88384.5,0.0,0.0,0.0,0.0,9.0,1.0,0.0,0.0,0.0,0.0,1.0,0.0,0.0,0.0,0.0,0.0,0.0,0.0,1.0,0.0,0.0,0.0,0.0,0.0,0.0,0.0,0.0,0.0,0.0,0.0,0.0,-256.0,-256.0,-256.0,111.0,111.0,111.0,-12.0,0.0,0.0,249750.0,249750.0,249750.0,88384.5,88384.5,88384.5,0.0,0.0,0.0,0.0,9.0,,,,,,,,,,,,,,,,,,,,,,-7.0,-8.5,4.0,0.0,0.0,0.0,0.0,0.5,0.0,0.0,0.0,0.25,0.0,0.0,0.25,0.0,0.0,4.0,2.0,0.0,0.0,0.0,30.0,23.0,46.0,1.0,1.0,2.0,0.0,0.0,0.0,0.0,0.0,46681.56,25945.605,51891.21,5209.65,46681.56,25945.605,51891.21,-226.0,-248.0,-496.0,2.0
0,0,0,1,1,108000.0,601677.0,28179.0,423000.0,0.018029,-17925,-1471.0,-4989.0,-430,1,1,0,1,1,0,3.0,3,2,11,0,0,0,0,0,0,0.3047979563915484,0.4632753280912678,,,,,,,,1.0,1.0,1.0,1.0,-1401.0,0,1,0,0,0,0,0,0,0,0,0,0,0,0,0,0,0,0,0,0,0.0,0.0,0.0,0.0,0.0,1.0,0,0,0,0,0,0,1,0,0,0,0,0,0,0,1,0,0,0,0,1,0,1,0,0,0,0,0,1,0,0,0,0,0,0,0,0,0,0,0,0,1,0,0,0,0,0,0,0,0,0,0,1,0,0,0,0,0,0,0,0,0,0,0,0,0,0,0,0,0,0,0,0,0,0,0,0,0,0,0,0,0,0,0,0,0,0,0,0,0,0,0,0,0,0,0,0,0,0,0,1,0,0,0,0,0,0,0,0,0,0,0,0,0,0,0,0,0,0,0,0,0,0,0,0,0,0,0,0,0,0,0,0.0820641562064156,0.1794983022452246,36000.0,0.2609166666666667,0.0468340986941498,-566.0,-85.0,-333.6666666666667,58040.333333333336,380.0,781.0,541.6666666666666,-32.666666666666664,0.0,0.0,0.0,339195.96,225538.215,676614.645,204036.66,159063.72,477191.16,0.0,0.0,0.0,0.0,0.0,1.0,0.0,0.0,0.0,0.0,1.0,0.0,0.0,0.0,0.0,0.0,0.0,0.0,0.6666666666666666,0.3333333333333333,0.0,0.0,0.0,0.0,0.0,0.0,0.0,0.0,0.0,0.0,0.0,-566.0,-85.0,-333.6666666666667,380.0,781.0,541.6666666666666,-32.666666666666664,0.0,0.0,339195.96,225538.215,676614.645,204036.66,159063.72,477191.16,0.0,0.0,0.0,0.0,0.0,,,,,,,,,,,,,,,,,,,,,,-1.0,-24.545454545454547,55.0,0.0,0.0,0.0,0.0,0.9454545454545454,0.0,0.0,0.0,0.0545454545454545,0.0,0.0,0.0,0.0,0.0,55.0,5.0,7.0,0.6153846153846154,40.0,44.0,13.307692307692308,865.0,17.954269695828625,1.2693855749994607,82.51006237496495,6.611312102759348,16427.025,-1438.0310769230764,-93472.01999999996,708912569.6414881,255160.17,18920.60307692307,1229839.1999999995,3.645,255160.17,20358.63415384615,1323311.2199999995,-53.0,-752.6615384615385,-48923.0,65.0
0,1,1,1,0,157500.0,225000.0,15349.5,225000.0,0.018209,-11060,-928.0,-4735.0,-3251,1,1,0,1,0,0,2.0,3,3,8,0,0,0,0,0,0,0.0293904909903192,0.2103502286944494,0.9866,0.3333,0.9866,0.3333,0.9866,0.3333,0.0709,13.0,0.0,13.0,0.0,-643.0,0,1,0,0,0,0,0,0,0,0,0,0,0,0,0,0,0,0,0,0,0.0,0.0,0.0,0.0,0.0,9.0,0,0,0,0,0,0,1,0,0,0,0,0,0,0,1,0,0,0,0,1,0,1,0,0,0,0,0,1,0,0,0,0,0,0,0,0,0,0,0,0,1,0,0,0,0,0,0,0,0,0,0,1,0,0,0,0,0,0,0,0,0,0,1,0,0,0,0,0,0,0,0,0,0,0,0,0,0,0,0,0,0,0,0,0,0,0,0,0,0,0,0,0,0,0,0,0,0,0,0,0,0,0,0,0,0,0,0,0,0,0,0,0,0,0,0,0,0,0,0,1,0,0,0,0,0,0,1,0,0,1,0,0.0839059674502712,0.7,78750.0,0.0974571428571428,0.06822,-193.0,-193.0,-193.0,,1633.0,1633.0,1633.0,-4.0,0.0,0.0,,922500.0,922500.0,922500.0,914089.5,914089.5,914089.5,0.0,0.0,0.0,0.0,0.0,1.0,0.0,0.0,0.0,0.0,1.0,0.0,0.0,0.0,0.0,0.0,0.0,0.0,1.0,0.0,0.0,0.0,0.0,0.0,0.0,0.0,0.0,0.0,0.0,0.0,0.0,-193.0,-193.0,-193.0,1633.0,1633.0,1633.0,-4.0,0.0,0.0,922500.0,922500.0,922500.0,914089.5,914089.5,914089.5,0.0,0.0,0.0,0.0,0.0,,,,,,,,,,,,,,,,,,,,,,-6.0,-13.5,18.0,0.0,0.0,0.0,0.0,0.7777777777777778,0.0,0.0,0.0,0.1111111111111111,0.0,0.1111111111111111,0.0,0.0,0.0,18.0,2.0,0.0,0.0,0.0,75.0,29.928571428571427,419.0,1.0,1.0,14.0,0.0,0.0,0.0,0.0,0.0,158992.425,23430.722142857147,328030.11000000004,8510.445,158992.425,23430.722142857147,328030.11000000004,-188.0,-396.6428571428572,-5553.0,14.0
0,1,0,1,1,202500.0,601029.0,47614.5,513000.0,0.025164,-12296,-1791.0,-1703.0,-3644,1,1,0,1,0,0,3.0,2,2,11,0,0,0,0,0,0,0.1542654241327621,,0.9737,0.125,0.9737,0.125,0.9737,0.125,0.0456,1.0,0.0,0.0,0.0,0.0,0,1,0,0,0,0,0,0,0,0,0,0,0,0,0,0,0,0,0,0,,,,,,,0,0,0,0,0,0,1,0,0,0,0,0,0,0,1,0,0,0,0,1,0,1,0,0,0,0,0,1,0,0,0,0,0,0,0,0,1,0,0,0,0,0,0,0,0,0,0,0,0,0,1,0,0,0,0,0,0,0,0,0,0,0,0,0,0,0,0,0,0,0,0,0,0,0,0,0,0,0,0,0,0,0,0,0,0,0,0,0,0,0,0,0,0,0,0,0,0,0,0,0,0,0,0,0,0,0,0,0,1,0,0,0,0,0,0,0,0,1,0,1,0,0,1,0,0,0,0,0,0,1,0,0.1456571242680546,0.3369221784639343,67500.0,0.2351333333333333,0.0792216348961531,,,,,,,,,,,,,,,,,,,,,,,,,,,,,,,,,,,,,,,,,,,,,,,,,,,,,,,,,,,,,,,,,,,,,,,,,,,,,,,,,,,,,,,,,,-1.0,-9.681818181818182,22.0,0.0,0.0,0.0,0.0,0.8636363636363636,0.0,0.0,0.0,0.0909090909090909,0.0,0.0,0.0454545454545454,0.0,0.0,22.0,2.0,9.0,0.45,9.0,25.0,16.1,322.0,1.0,0.95,19.0,0.049648096020918,9920.88,497.7135000000001,9954.270000000002,4919505.279202896,67109.895,16050.80475,321016.09500000003,33.39,67109.895,15553.09125,311061.825,-37.0,-301.8,-6036.0,20.0
0,1,0,0,0,90000.0,349609.5,18432.0,265500.0,0.020246,-11008,-1523.0,-1613.0,-1613,1,1,0,1,0,0,2.0,3,3,14,0,0,0,0,0,0,0.4883704275437241,0.4471785780453068,0.9781,0.1667,0.9782,0.1667,0.9781,0.1667,0.0482,2.0,0.0,2.0,0.0,-768.0,0,1,0,0,0,0,0,0,0,0,0,0,0,0,0,0,0,0,0,0,0.0,0.0,0.0,0.0,0.0,1.0,0,0,0,0,0,0,1,0,0,0,0,0,0,0,1,0,0,0,0,1,0,1,0,0,0,0,0,1,0,0,0,0,0,0,0,0,1,0,0,0,0,0,0,0,0,0,0,0,0,0,0,1,0,0,0,0,0,0,0,0,0,0,0,0,0,0,0,0,1,0,0,0,0,0,0,0,0,0,0,0,0,0,0,0,0,0,0,0,0,0,0,0,0,0,0,0,0,0,0,0,0,0,0,0,0,0,0,0,0,0,0,0,0,0,0,0,0,0,0,1,0,0,1,0,0,0,0,0,0,1,0,0.1383539244186046,0.2574300755557271,45000.0,0.2048,0.0527216794738129,-1830.0,-664.0,-1081.0,422557.0,-1524.0,-445.0,-984.5,-242.66666666666663,0.0,0.0,8163.540000000001,128241.225,82819.575,248458.725,13234.5,4411.5,13234.5,0.0,87.81,263.43,0.0,0.0,0.3333333333333333,0.0,0.3333333333333333,0.3333333333333333,0.0,1.0,0.0,0.0,0.0,0.0,0.0,0.0,0.0,0.6666666666666666,0.3333333333333333,0.0,0.0,0.0,0.0,0.0,0.0,0.0,0.0,0.0,0.0,0.0,-664.0,-664.0,-664.0,,,,-22.0,0.0,0.0,13500.0,13500.0,13500.0,13234.5,13234.5,13234.5,0.0,263.43,263.43,0.0,0.0,-749.0,-749.0,-749.0,,-445.0,-445.0,-445.0,-435.0,0.0,0.0,128241.225,128241.225,128241.225,0.0,0.0,0.0,0.0,0.0,0.0,0.0,0.0,-9.0,-34.77777777777778,36.0,3.0,0.0833333333333333,0.0,0.0,0.9166666666666666,0.0,0.0,0.0,0.0833333333333333,0.0,0.0,0.0,0.0,0.0,36.0,2.0,173.0,7.804347826086956,359.0,38.0,8.717391304347826,401.0,1.0,0.717391304347826,33.0,0.1882801180116792,12822.39,2942.9775,135376.965,26542581.434347503,12844.035,11426.964456521737,525640.3649999999,4.185,12844.035,8483.98695652174,390263.4,-258.0,-968.5652173913044,-44554.0,46.0
0,1,1,0,0,157500.0,521280.0,26743.5,450000.0,0.0031219999999999,-16545,-697.0,-4168.0,-107,1,1,1,1,1,0,2.0,3,3,14,1,1,0,1,1,1,0.0967800290712296,0.3233112448967859,,,,,,,,0.0,0.0,0.0,0.0,-1799.0,0,1,0,0,0,0,0,0,0,0,0,0,0,0,0,0,0,0,0,0,0.0,0.0,0.0,0.0,2.0,0.0,0,1,0,0,0,0,0,0,1,0,0,0,0,0,0,0,0,0,0,1,0,1,0,0,0,0,0,0,0,0,1,0,0,0,0,0,1,0,0,0,0,0,0,0,0,0,0,0,0,0,0,0,0,0,1,0,0,0,0,0,0,0,1,0,0,0,0,0,0,0,0,0,0,0,0,0,0,0,0,0,0,0,0,0,0,0,0,0,0,0,0,0,0,0,0,0,0,0,0,0,0,0,0,0,0,0,0,0,0,0,0,0,0,0,0,0,0,0,0,0,0,0,0,0,0,0,0,0,0,0,0,0.0421275309761257,0.3021408839779005,78750.0,0.1698,0.0513035220994475,-2631.0,-206.0,-1007.2,1109485.7,-2326.0,892.0,-312.4,-670.4,0.0,0.0,1597.75875,282663.315,99672.363,498361.815,139900.5,74090.574,370452.87,0.0,56.889,284.445,0.0,88.0,0.6,0.0,0.4,0.0,0.0,1.0,0.0,0.0,0.0,0.0,0.0,0.0,0.0,0.6,0.4,0.0,0.0,0.0,0.0,0.0,0.0,0.0,0.0,0.0,0.0,0.0,-488.0,-206.0,-300.0,242.0,892.0,675.3333333333334,-14.333333333333334,0.0,0.0,282663.315,139315.605,417946.815,139900.5,123484.29,370452.87,0.0,94.815,284.445,0.0,31.0,-2631.0,-1505.0,-2068.0,633938.0,-2326.0,-1262.0,-1794.0,-1654.5,0.0,0.0,52605.0,40207.5,80415.0,0.0,0.0,0.0,0.0,0.0,0.0,0.0,57.0,-87.0,-91.73684210526316,19.0,0.0,0.0,0.0,0.0,0.9473684210526316,0.0,0.0,0.0,0.0526315789473684,0.0,0.0,0.0,0.0,0.0,19.0,1.0,0.0,0.0,0.0,7.0,1.7777777777777777,32.0,1.0,1.0,18.0,0.0,0.0,0.0,0.0,0.0,7671.24,5499.967500000001,98999.415,3737.34,7671.24,5499.967500000001,98999.415,-2641.0,-2791.1111111111118,-50240.0,18.0
0,0,0,0,0,90000.0,1078200.0,31522.5,900000.0,0.035792,-17195,-1440.0,-1278.0,-731,1,1,1,1,0,0,2.0,2,2,13,0,0,0,0,1,1,0.161418040405763,0.1538025863067176,,,,,,,,0.0,0.0,0.0,0.0,-1112.0,0,1,0,0,0,0,0,0,0,0,0,0,0,0,0,0,0,0,0,0,0.0,0.0,0.0,1.0,0.0,0.0,0,0,0,0,0,0,1,0,0,0,0,0,0,0,1,0,0,0,0,1,0,1,0,0,0,0,0,0,0,0,1,0,0,0,0,0,0,0,0,0,1,0,0,0,0,0,0,0,0,0,1,0,0,0,0,0,0,0,0,0,0,0,0,1,0,0,0,0,0,0,0,0,0,0,0,0,0,0,0,0,0,0,0,0,0,0,0,0,0,0,0,0,0,0,0,0,0,0,0,0,0,0,0,0,0,0,0,0,0,0,0,0,0,0,0,0,0,0,0,0,0,0,0,0,0,0,0,0,0,0,0,0.0837452747891829,0.0834724540901502,45000.0,0.35025,0.0292362270450751,-1398.0,-108.0,-982.75,369691.5833333333,-1094.0,625.0,-175.0,-335.5,0.0,0.0,1270.755,490500.0,255516.46875,1022065.875,456799.5,114199.875,456799.5,0.0,0.0,0.0,0.0,0.0,0.25,0.0,0.75,0.0,0.0,1.0,0.0,0.0,0.0,0.0,0.0,0.0,0.0,1.0,0.0,0.0,0.0,0.0,0.0,0.0,0.0,0.0,0.0,0.0,0.0,0.0,-108.0,-108.0,-108.0,625.0,625.0,625.0,-41.0,0.0,0.0,490500.0,490500.0,490500.0,456799.5,456799.5,456799.5,0.0,0.0,0.0,0.0,0.0,-1398.0,-1031.0,-1274.3333333333333,44412.33333333332,-1094.0,432.0,-441.6666666666667,-433.6666666666667,0.0,0.0,405000.0,177188.625,531565.875,0.0,0.0,0.0,0.0,0.0,0.0,0.0,0.0,-30.0,-54.07692307692308,13.0,0.0,0.0,0.0,0.0,0.8461538461538461,0.0,0.0,0.0,0.1538461538461538,0.0,0.0,0.0,0.0,0.0,13.0,1.0,1.0,0.1,1.0,8.0,2.4,24.0,1.0,1.0,10.0,0.0,0.0,0.0,0.0,0.0,9142.695,7001.2215,70012.215,3788.64,9142.695,7001.2215,70012.215,-936.0,-1661.5,-16615.0,10.0
